{
    "swagger": "2.0",
    "info": {
        "title": "playlist",
        "description": "",
        "version": "1.0.0"
    },
    "host": "localhost:8000",
    "basePath": "\/",
    "paths": {
        "\/api\/v1\/playlists": {
            "get": {
                "summary": "",
                "description": "",
                "deprecated": false,
                "responses": {
                    "200": {
                        "description": "OK"
                    }
                },
                "parameters": [
                    {
                        "in": "query",
                        "name": "user_id",
                        "type": "integer",
                        "required": true,
                        "description": ""
                    }
                ]
            },
            "post": {
                "summary": "",
                "description": "",
                "deprecated": false,
                "responses": {
                    "200": {
                        "description": "OK"
                    }
                },
                "parameters": [
                    {
                        "in": "body",
                        "name": "body",
                        "description": "",
                        "schema": {
                            "type": "object",
                            "required": [
                                "name",
                                "user_id",
                                "max_items"
                            ],
                            "properties": {
                                "name": {
                                    "type": "string"
                                },
                                "user_id": {
                                    "type": "integer"
                                },
                                "max_items": {
                                    "type": "integer"
                                }
                            }
                        }
                    }
                ]
            }
        },
        "\/api\/v1\/playlists\/musics": {
            "get": {
                "summary": "",
                "description": "",
                "deprecated": false,
                "responses": {
                    "200": {
                        "description": "OK"
                    }
                },
                "parameters": [
                    {
                        "in": "query",
                        "name": "user_id",
                        "type": "integer",
                        "required": true,
                        "description": ""
                    }
                ]
            }
        },
        "\/api\/v1\/playlists\/{playlistId}": {
            "post": {
                "summary": "",
                "description": "",
                "deprecated": false,
                "responses": {
                    "200": {
                        "description": "OK"
                    }
                },
                "parameters": [
                    {
                        "in": "path",
                        "name": "playlistId",
                        "type": "string",
                        "required": true,
                        "description": ""
                    },
                    {
                        "in": "body",
                        "name": "body",
                        "description": "",
                        "schema": {
                            "type": "object",
                            "required": [
                                "music_name",
                                "music_url"
                            ],
                            "properties": {
                                "music_name": {
                                    "type": "string"
                                },
                                "music_url": {
                                    "type": "string"
                                }
                            }
                        }
                    }
                ]
            },
            "delete": {
                "summary": "",
                "description": "",
                "deprecated": false,
                "responses": {
                    "200": {
                        "description": "OK"
                    }
                },
                "parameters": [
                    {
                        "in": "path",
                        "name": "playlistId",
                        "type": "string",
                        "required": true,
                        "description": ""
                    }
                ]
            }
        },
        "\/api\/v1\/playlists\/musics\/{musicId}": {
            "delete": {
                "summary": "",
                "description": "",
                "deprecated": false,
                "responses": {
                    "200": {
                        "description": "OK"
                    }
                },
                "parameters": [
                    {
                        "in": "path",
                        "name": "musicId",
                        "type": "string",
                        "required": true,
                        "description": ""
                    }
                ]
            }
        }
    }
}
